561,"src/1246.jpg","jpg",400,600,"",NA,NA,NA
1023,"src/421.jpg","jpg",225,169,"",NA,NA,NA
1320,"src/1825.jpg","jpg",400,600,"",NA,NA,NA
33,"src/1091.jpg","jpg",399,600,"",NA,NA,NA
792,"src/483.jpg","jpg",500,500,"",NA,NA,NA
1188,"src/2008.jpg","jpg",300,300,"",NA,NA,NA
693,"src/1046.jpg","jpg",637,499,"",NA,NA,NA
1617,"src/326.jpg","jpg",450,600,"",NA,NA,NA
231,"src/28.jpg","jpg",299,297,"",NA,NA,NA
2905,"neg/504.jpg","jpg",0,0,"",NA,NA,NA
2854,"neg/1675.jpg","jpg",0,0,"",NA,NA,NA
2970,"neg/1897.jpg","jpg",0,0,"",NA,NA,NA
2280,"neg/852.jpg","jpg",0,0,"",NA,NA,NA
